-- CINES
INSERT INTO cine (id, nombre, direccion) VALUES
(1, 'Cinemax', 'Calle Ficticia 123'),
(2, 'CinePrex', 'Avenida Real 456');

-- PELICULAS
INSERT INTO pelicula (id, titulo, genero, cine_id) VALUES
(1, 'Lilo & Stitch', 'Comedia', 1),
(2, 'Spider-Man: Lotus', 'Accion', 1),
(5, 'Batman vs Joker', 'Acción', 2),
(6, 'Historias de Amor 2', 'Romance', 2);

-- FUNCIONES
INSERT INTO funcion (id, horario, pelicula_id, sala_id) VALUES
(1, '18:00:00', 1, NULL),
(2, '20:00:00', 2, NULL),
(13, '18:00:00', 5, NULL),
(14, '20:30:00', 5, NULL),
(15, '22:00:00', 6, NULL),
(16, '19:00:00', 6, NULL),
(19, '17:30:00', 1, NULL),
(20, '19:00:00', 1, NULL),
(21, '18:00:00', 2, NULL),
(22, '23:00:00', 2, NULL);

-- ENTRADAS
-- Funciones 13 al 16
INSERT INTO entrada (id, asiento, precio, funcion_id) VALUES
(73, 'A1', 6500, 13), (74, 'A2', 6500, 13), (75, 'B1', 6300, 13),
(76, 'B2', 6300, 13), (77, 'C1', 6000, 13), (78, 'C2', 6000, 13),
(79, 'A1', 6700, 14), (80, 'A2', 6700, 14), (81, 'B1', 6500, 14),
(82, 'B2', 6500, 14), (83, 'C1', 6200, 14), (84, 'C2', 6200, 14),
(85, 'A1', 7000, 15), (86, 'A2', 7000, 15), (87, 'B1', 6800, 15),
(88, 'B2', 6800, 15), (89, 'C1', 6500, 15), (90, 'C2', 6500, 15),
(91, 'A1', 7200, 16), (92, 'A2', 7200, 16), (93, 'B1', 7000, 16),
(94, 'B2', 7000, 16), (95, 'C1', 6700, 16), (96, 'C2', 6700, 16);

-- Funciones 19 al 22 (Películas id 1 y 2)
INSERT INTO entrada (id, asiento, precio, funcion_id) VALUES
(97, 'H1', 6900, 19), (98, 'O2', 6900, 19), (99, 'P1', 6700, 19),
(100, 'Z2', 6700, 19), (101, 'Y1', 6500, 19), (102, 'T2', 6500, 19),
(103, 'A1', 7200, 20), (104, 'A2', 7200, 20), (105, 'B1', 7000, 20),
(106, 'B2', 7000, 20), (107, 'C1', 6800, 20), (108, 'C2', 6800, 20),
(109, 'A1', 6600, 21), (110, 'A2', 6600, 21), (111, 'B1', 6400, 21),
(112, 'B2', 6400, 21), (113, 'C1', 6200, 21), (114, 'C2', 6200, 21),
(115, 'A1', 7100, 22), (116, 'A2', 7100, 22), (117, 'V1', 6900, 22),
(118, 'N2', 6900, 22), (119, 'M1', 6700, 22), (120, 'C2', 6700, 22);
